id,titre,description,ville,domaine,contrat,niveau_etude
1,CDI Comptable Confirmé,"CDI Comptable Confirmé basé à Casablanca, domaine Management - Comptabilité. Niveau requis: Bac+2. Contrat: CDI. Missions variées dans une entreprise dynamique.",Casablanca,Management - Comptabilité,CDI,Bac+2
2,CDI Consultant BI,"CDI Consultant BI basé à Tanger, domaine Informatique - BI. Niveau requis: Bac+5. Contrat: CDI. Missions variées dans une entreprise dynamique.",Tanger,Informatique - BI,CDI,Bac+5
3,CDI Responsable SEO,"CDI Responsable SEO basé à Rabat, domaine Management - Marketing. Niveau requis: Bac+5. Contrat: CDI. Missions variées dans une entreprise dynamique.",Rabat,Management - Marketing,CDI,Bac+5
4,CDD Assistant Comptable,"CDD Assistant Comptable basé à Marrakech, domaine Management - Comptabilité. Niveau requis: Bac+2. Contrat: CDD. Missions variées dans une entreprise dynamique.",Marrakech,Management - Comptabilité,CDD,Bac+2
5,CDD Assistant Comptable,"CDD Assistant Comptable basé à Oujda, domaine Management - Comptabilité. Niveau requis: Bac+3. Contrat: CDD. Missions variées dans une entreprise dynamique.",Oujda,Management - Comptabilité,CDD,Bac+3
6,CDI Développeur Fullstack,"CDI Développeur Fullstack basé à Rabat, domaine Informatique - Dev Web. Niveau requis: Bac+5. Contrat: CDI. Missions variées dans une entreprise dynamique.",Rabat,Informatique - Dev Web,CDI,Bac+5
7,CDI Chargé Recrutement,"CDI Chargé Recrutement basé à Fès, domaine Management - RH. Niveau requis: Bac+5. Contrat: CDI. Missions variées dans une entreprise dynamique.",Fès,Management - RH,CDI,Bac+5
8,CDI Chargé Recrutement,"CDI Chargé Recrutement basé à Casablanca, domaine Management - RH. Niveau requis: Bac+2. Contrat: CDI. Missions variées dans une entreprise dynamique.",Casablanca,Management - RH,CDI,Bac+2
9,CDI Chargé Recrutement,"CDI Chargé Recrutement basé à Marrakech, domaine Management - RH. Niveau requis: Bac+2. Contrat: CDI. Missions variées dans une entreprise dynamique.",Marrakech,Management - RH,CDI,Bac+2
10,Stage Comptabilité,"Stage Comptabilité basé à Fès, domaine Management - Comptabilité. Niveau requis: Bac+2. Contrat: Stage. Missions variées dans une entreprise dynamique.",Fès,Management - Comptabilité,Stage,Bac+2
11,Stage RH,"Stage RH basé à Fès, domaine Management - RH. Niveau requis: Bac+3. Contrat: Stage. Missions variées dans une entreprise dynamique.",Fès,Management - RH,Stage,Bac+3
12,CDD Community Manager,"CDD Community Manager basé à Rabat, domaine Management - Marketing. Niveau requis: Bac+5. Contrat: CDD. Missions variées dans une entreprise dynamique.",Rabat,Management - Marketing,CDD,Bac+5
13,CDD Analyste Données,"CDD Analyste Données basé à Fès, domaine Informatique - BI. Niveau requis: Bac+5. Contrat: CDD. Missions variées dans une entreprise dynamique.",Fès,Informatique - BI,CDD,Bac+5
14,Stage RH,"Stage RH basé à Oujda, domaine Management - RH. Niveau requis: Bac+5. Contrat: Stage. Missions variées dans une entreprise dynamique.",Oujda,Management - RH,Stage,Bac+5
15,Stage Comptabilité,"Stage Comptabilité basé à Rabat, domaine Management - Comptabilité. Niveau requis: Bac+2. Contrat: Stage. Missions variées dans une entreprise dynamique.",Rabat,Management - Comptabilité,Stage,Bac+2
16,CDI Responsable SEO,"CDI Responsable SEO basé à Casablanca, domaine Management - Marketing. Niveau requis: Bac+3. Contrat: CDI. Missions variées dans une entreprise dynamique.",Casablanca,Management - Marketing,CDI,Bac+3
17,Stage Marketing Digital,"Stage Marketing Digital basé à Fès, domaine Management - Marketing. Niveau requis: Bac+3. Contrat: Stage. Missions variées dans une entreprise dynamique.",Fès,Management - Marketing,Stage,Bac+3
18,CDI Développeur Fullstack,"CDI Développeur Fullstack basé à Tanger, domaine Informatique - Dev Web. Niveau requis: Bac+2. Contrat: CDI. Missions variées dans une entreprise dynamique.",Tanger,Informatique - Dev Web,CDI,Bac+2
19,Stage Deep Learning,"Stage Deep Learning basé à Marrakech, domaine Informatique - IA. Niveau requis: Bac+5. Contrat: Stage. Missions variées dans une entreprise dynamique.",Marrakech,Informatique - IA,Stage,Bac+5
20,CDD Assistant Comptable,"CDD Assistant Comptable basé à Agadir, domaine Management - Comptabilité. Niveau requis: Bac+2. Contrat: CDD. Missions variées dans une entreprise dynamique.",Agadir,Management - Comptabilité,CDD,Bac+2
21,CDI Comptable Confirmé,"CDI Comptable Confirmé basé à Fès, domaine Management - Comptabilité. Niveau requis: Bac+3. Contrat: CDI. Missions variées dans une entreprise dynamique.",Fès,Management - Comptabilité,CDI,Bac+3
22,CDI Analyste Sécurité,"CDI Analyste Sécurité basé à Casablanca, domaine Informatique - Cybersecurite. Niveau requis: Bac+5. Contrat: CDI. Missions variées dans une entreprise dynamique.",Casablanca,Informatique - Cybersecurite,CDI,Bac+5
23,CDD Community Manager,"CDD Community Manager basé à Fès, domaine Management - Marketing. Niveau requis: Bac+3. Contrat: CDD. Missions variées dans une entreprise dynamique.",Fès,Management - Marketing,CDD,Bac+3
24,CDI Développeur Fullstack,"CDI Développeur Fullstack basé à Casablanca, domaine Informatique - Dev Web. Niveau requis: Bac+5. Contrat: CDI. Missions variées dans une entreprise dynamique.",Casablanca,Informatique - Dev Web,CDI,Bac+5
25,Stage BI,"Stage BI basé à Fès, domaine Informatique - BI. Niveau requis: Bac+5. Contrat: Stage. Missions variées dans une entreprise dynamique.",Fès,Informatique - BI,Stage,Bac+5
26,CDD Sécurité Réseau,"CDD Sécurité Réseau basé à Tanger, domaine Informatique - Cybersecurite. Niveau requis: Bac+2. Contrat: CDD. Missions variées dans une entreprise dynamique.",Tanger,Informatique - Cybersecurite,CDD,Bac+2
27,Stage Marketing Digital,"Stage Marketing Digital basé à Tanger, domaine Management - Marketing. Niveau requis: Bac+3. Contrat: Stage. Missions variées dans une entreprise dynamique.",Tanger,Management - Marketing,Stage,Bac+3
28,Stage Comptabilité,"Stage Comptabilité basé à Marrakech, domaine Management - Comptabilité. Niveau requis: Bac+2. Contrat: Stage. Missions variées dans une entreprise dynamique.",Marrakech,Management - Comptabilité,Stage,Bac+2
29,Stage Dev Web,"Stage Dev Web basé à Rabat, domaine Informatique - Dev Web. Niveau requis: Bac+2. Contrat: Stage. Missions variées dans une entreprise dynamique.",Rabat,Informatique - Dev Web,Stage,Bac+2
30,CDI Analyste Sécurité,"CDI Analyste Sécurité basé à Fès, domaine Informatique - Cybersecurite. Niveau requis: Bac+5. Contrat: CDI. Missions variées dans une entreprise dynamique.",Fès,Informatique - Cybersecurite,CDI,Bac+5
31,CDI Ingénieur IA,"CDI Ingénieur IA basé à Oujda, domaine Informatique - IA. Niveau requis: Bac+2. Contrat: CDI. Missions variées dans une entreprise dynamique.",Oujda,Informatique - IA,CDI,Bac+2
32,Stage Comptabilité,"Stage Comptabilité basé à Rabat, domaine Management - Comptabilité. Niveau requis: Bac+2. Contrat: Stage. Missions variées dans une entreprise dynamique.",Rabat,Management - Comptabilité,Stage,Bac+2
33,Stage IA,"Stage IA basé à Fès, domaine Informatique - IA. Niveau requis: Bac+3. Contrat: Stage. Missions variées dans une entreprise dynamique.",Fès,Informatique - IA,Stage,Bac+3
34,Stage Dev Web,"Stage Dev Web basé à Tanger, domaine Informatique - Dev Web. Niveau requis: Bac+5. Contrat: Stage. Missions variées dans une entreprise dynamique.",Tanger,Informatique - Dev Web,Stage,Bac+5
35,CDI Comptable Confirmé,"CDI Comptable Confirmé basé à Casablanca, domaine Management - Comptabilité. Niveau requis: Bac+5. Contrat: CDI. Missions variées dans une entreprise dynamique.",Casablanca,Management - Comptabilité,CDI,Bac+5
36,CDD Sécurité Réseau,"CDD Sécurité Réseau basé à Rabat, domaine Informatique - Cybersecurite. Niveau requis: Bac+5. Contrat: CDD. Missions variées dans une entreprise dynamique.",Rabat,Informatique - Cybersecurite,CDD,Bac+5
37,CDD Analyste Données,"CDD Analyste Données basé à Agadir, domaine Informatique - BI. Niveau requis: Bac+2. Contrat: CDD. Missions variées dans une entreprise dynamique.",Agadir,Informatique - BI,CDD,Bac+2
38,CDI Développeur Fullstack,"CDI Développeur Fullstack basé à Agadir, domaine Informatique - Dev Web. Niveau requis: Bac+2. Contrat: CDI. Missions variées dans une entreprise dynamique.",Agadir,Informatique - Dev Web,CDI,Bac+2
39,Stage BI,"Stage BI basé à Tanger, domaine Informatique - BI. Niveau requis: Bac+3. Contrat: Stage. Missions variées dans une entreprise dynamique.",Tanger,Informatique - BI,Stage,Bac+3
40,CDD Sécurité Réseau,"CDD Sécurité Réseau basé à Agadir, domaine Informatique - Cybersecurite. Niveau requis: Bac+5. Contrat: CDD. Missions variées dans une entreprise dynamique.",Agadir,Informatique - Cybersecurite,CDD,Bac+5
41,Stage Marketing Digital,"Stage Marketing Digital basé à Oujda, domaine Management - Marketing. Niveau requis: Bac+2. Contrat: Stage. Missions variées dans une entreprise dynamique.",Oujda,Management - Marketing,Stage,Bac+2
42,CDI Comptable Confirmé,"CDI Comptable Confirmé basé à Casablanca, domaine Management - Comptabilité. Niveau requis: Bac+5. Contrat: CDI. Missions variées dans une entreprise dynamique.",Casablanca,Management - Comptabilité,CDI,Bac+5
43,CDD RH Généraliste,"CDD RH Généraliste basé à Tanger, domaine Management - RH. Niveau requis: Bac+3. Contrat: CDD. Missions variées dans une entreprise dynamique.",Tanger,Management - RH,CDD,Bac+3
44,CDD Frontend,"CDD Frontend basé à Tanger, domaine Informatique - Dev Web. Niveau requis: Bac+2. Contrat: CDD. Missions variées dans une entreprise dynamique.",Tanger,Informatique - Dev Web,CDD,Bac+2
45,Stage BI,"Stage BI basé à Marrakech, domaine Informatique - BI. Niveau requis: Bac+5. Contrat: Stage. Missions variées dans une entreprise dynamique.",Marrakech,Informatique - BI,Stage,Bac+5
46,Stage Deep Learning,"Stage Deep Learning basé à Agadir, domaine Informatique - IA. Niveau requis: Bac+5. Contrat: Stage. Missions variées dans une entreprise dynamique.",Agadir,Informatique - IA,Stage,Bac+5
47,CDI Chargé Recrutement,"CDI Chargé Recrutement basé à Marrakech, domaine Management - RH. Niveau requis: Bac+5. Contrat: CDI. Missions variées dans une entreprise dynamique.",Marrakech,Management - RH,CDI,Bac+5
48,Stage IA,"Stage IA basé à Fès, domaine Informatique - IA. Niveau requis: Bac+3. Contrat: Stage. Missions variées dans une entreprise dynamique.",Fès,Informatique - IA,Stage,Bac+3
49,CDI Consultant BI,"CDI Consultant BI basé à Rabat, domaine Informatique - BI. Niveau requis: Bac+3. Contrat: CDI. Missions variées dans une entreprise dynamique.",Rabat,Informatique - BI,CDI,Bac+3
50,Stage Deep Learning,"Stage Deep Learning basé à Tanger, domaine Informatique - IA. Niveau requis: Bac+2. Contrat: Stage. Missions variées dans une entreprise dynamique.",Tanger,Informatique - IA,Stage,Bac+2
51,Stage IA,"Stage IA basé à Casablanca, domaine Informatique - IA. Niveau requis: Bac+5. Contrat: Stage. Missions variées dans une entreprise dynamique.",Casablanca,Informatique - IA,Stage,Bac+5
52,CDD RH Généraliste,"CDD RH Généraliste basé à Rabat, domaine Management - RH. Niveau requis: Bac+5. Contrat: CDD. Missions variées dans une entreprise dynamique.",Rabat,Management - RH,CDD,Bac+5
53,Stage BI,"Stage BI basé à Tanger, domaine Informatique - BI. Niveau requis: Bac+5. Contrat: Stage. Missions variées dans une entreprise dynamique.",Tanger,Informatique - BI,Stage,Bac+5
54,CDI Responsable SEO,"CDI Responsable SEO basé à Casablanca, domaine Management - Marketing. Niveau requis: Bac+3. Contrat: CDI. Missions variées dans une entreprise dynamique.",Casablanca,Management - Marketing,CDI,Bac+3
55,CDD RH Généraliste,"CDD RH Généraliste basé à Fès, domaine Management - RH. Niveau requis: Bac+3. Contrat: CDD. Missions variées dans une entreprise dynamique.",Fès,Management - RH,CDD,Bac+3
56,Stage BI,"Stage BI basé à Casablanca, domaine Informatique - BI. Niveau requis: Bac+2. Contrat: Stage. Missions variées dans une entreprise dynamique.",Casablanca,Informatique - BI,Stage,Bac+2
57,CDI Ingénieur IA,"CDI Ingénieur IA basé à Casablanca, domaine Informatique - IA. Niveau requis: Bac+3. Contrat: CDI. Missions variées dans une entreprise dynamique.",Casablanca,Informatique - IA,CDI,Bac+3
58,CDD RH Généraliste,"CDD RH Généraliste basé à Agadir, domaine Management - RH. Niveau requis: Bac+3. Contrat: CDD. Missions variées dans une entreprise dynamique.",Agadir,Management - RH,CDD,Bac+3
59,CDI Responsable SEO,"CDI Responsable SEO basé à Marrakech, domaine Management - Marketing. Niveau requis: Bac+2. Contrat: CDI. Missions variées dans une entreprise dynamique.",Marrakech,Management - Marketing,CDI,Bac+2
60,Stage Comptabilité,"Stage Comptabilité basé à Agadir, domaine Management - Comptabilité. Niveau requis: Bac+5. Contrat: Stage. Missions variées dans une entreprise dynamique.",Agadir,Management - Comptabilité,Stage,Bac+5
61,Stage Dev Web,"Stage Dev Web basé à Marrakech, domaine Informatique - Dev Web. Niveau requis: Bac+2. Contrat: Stage. Missions variées dans une entreprise dynamique.",Marrakech,Informatique - Dev Web,Stage,Bac+2
62,CDI Comptable Confirmé,"CDI Comptable Confirmé basé à Oujda, domaine Management - Comptabilité. Niveau requis: Bac+2. Contrat: CDI. Missions variées dans une entreprise dynamique.",Oujda,Management - Comptabilité,CDI,Bac+2
63,Stage Marketing Digital,"Stage Marketing Digital basé à Agadir, domaine Management - Marketing. Niveau requis: Bac+3. Contrat: Stage. Missions variées dans une entreprise dynamique.",Agadir,Management - Marketing,Stage,Bac+3
64,Stage Comptabilité,"Stage Comptabilité basé à Casablanca, domaine Management - Comptabilité. Niveau requis: Bac+2. Contrat: Stage. Missions variées dans une entreprise dynamique.",Casablanca,Management - Comptabilité,Stage,Bac+2
65,CDI Développeur Fullstack,"CDI Développeur Fullstack basé à Agadir, domaine Informatique - Dev Web. Niveau requis: Bac+5. Contrat: CDI. Missions variées dans une entreprise dynamique.",Agadir,Informatique - Dev Web,CDI,Bac+5
66,Stage Dev Web,"Stage Dev Web basé à Marrakech, domaine Informatique - Dev Web. Niveau requis: Bac+3. Contrat: Stage. Missions variées dans une entreprise dynamique.",Marrakech,Informatique - Dev Web,Stage,Bac+3
67,Stage BI,"Stage BI basé à Agadir, domaine Informatique - BI. Niveau requis: Bac+3. Contrat: Stage. Missions variées dans une entreprise dynamique.",Agadir,Informatique - BI,Stage,Bac+3
68,Stage Comptabilité,"Stage Comptabilité basé à Casablanca, domaine Management - Comptabilité. Niveau requis: Bac+5. Contrat: Stage. Missions variées dans une entreprise dynamique.",Casablanca,Management - Comptabilité,Stage,Bac+5
69,Stage Marketing Digital,"Stage Marketing Digital basé à Agadir, domaine Management - Marketing. Niveau requis: Bac+2. Contrat: Stage. Missions variées dans une entreprise dynamique.",Agadir,Management - Marketing,Stage,Bac+2
70,Stage Marketing Digital,"Stage Marketing Digital basé à Oujda, domaine Management - Marketing. Niveau requis: Bac+3. Contrat: Stage. Missions variées dans une entreprise dynamique.",Oujda,Management - Marketing,Stage,Bac+3
71,CDD Analyste Données,"CDD Analyste Données basé à Rabat, domaine Informatique - BI. Niveau requis: Bac+5. Contrat: CDD. Missions variées dans une entreprise dynamique.",Rabat,Informatique - BI,CDD,Bac+5
72,CDD RH Généraliste,"CDD RH Généraliste basé à Tanger, domaine Management - RH. Niveau requis: Bac+3. Contrat: CDD. Missions variées dans une entreprise dynamique.",Tanger,Management - RH,CDD,Bac+3
73,CDD RH Généraliste,"CDD RH Généraliste basé à Marrakech, domaine Management - RH. Niveau requis: Bac+2. Contrat: CDD. Missions variées dans une entreprise dynamique.",Marrakech,Management - RH,CDD,Bac+2
74,CDD Assistant Comptable,"CDD Assistant Comptable basé à Casablanca, domaine Management - Comptabilité. Niveau requis: Bac+2. Contrat: CDD. Missions variées dans une entreprise dynamique.",Casablanca,Management - Comptabilité,CDD,Bac+2
75,CDD Frontend,"CDD Frontend basé à Casablanca, domaine Informatique - Dev Web. Niveau requis: Bac+2. Contrat: CDD. Missions variées dans une entreprise dynamique.",Casablanca,Informatique - Dev Web,CDD,Bac+2
76,CDI Développeur Fullstack,"CDI Développeur Fullstack basé à Marrakech, domaine Informatique - Dev Web. Niveau requis: Bac+3. Contrat: CDI. Missions variées dans une entreprise dynamique.",Marrakech,Informatique - Dev Web,CDI,Bac+3
77,Stage IA,"Stage IA basé à Agadir, domaine Informatique - IA. Niveau requis: Bac+3. Contrat: Stage. Missions variées dans une entreprise dynamique.",Agadir,Informatique - IA,Stage,Bac+3
78,Stage RH,"Stage RH basé à Fès, domaine Management - RH. Niveau requis: Bac+3. Contrat: Stage. Missions variées dans une entreprise dynamique.",Fès,Management - RH,Stage,Bac+3
79,CDI Comptable Confirmé,"CDI Comptable Confirmé basé à Oujda, domaine Management - Comptabilité. Niveau requis: Bac+3. Contrat: CDI. Missions variées dans une entreprise dynamique.",Oujda,Management - Comptabilité,CDI,Bac+3
80,CDI Responsable SEO,"CDI Responsable SEO basé à Rabat, domaine Management - Marketing. Niveau requis: Bac+2. Contrat: CDI. Missions variées dans une entreprise dynamique.",Rabat,Management - Marketing,CDI,Bac+2
81,CDI Développeur Fullstack,"CDI Développeur Fullstack basé à Oujda, domaine Informatique - Dev Web. Niveau requis: Bac+3. Contrat: CDI. Missions variées dans une entreprise dynamique.",Oujda,Informatique - Dev Web,CDI,Bac+3
82,Stage Deep Learning,"Stage Deep Learning basé à Rabat, domaine Informatique - IA. Niveau requis: Bac+5. Contrat: Stage. Missions variées dans une entreprise dynamique.",Rabat,Informatique - IA,Stage,Bac+5
83,Stage IA,"Stage IA basé à Rabat, domaine Informatique - IA. Niveau requis: Bac+2. Contrat: Stage. Missions variées dans une entreprise dynamique.",Rabat,Informatique - IA,Stage,Bac+2
84,Stage BI,"Stage BI basé à Fès, domaine Informatique - BI. Niveau requis: Bac+2. Contrat: Stage. Missions variées dans une entreprise dynamique.",Fès,Informatique - BI,Stage,Bac+2
85,CDI Comptable Confirmé,"CDI Comptable Confirmé basé à Rabat, domaine Management - Comptabilité. Niveau requis: Bac+3. Contrat: CDI. Missions variées dans une entreprise dynamique.",Rabat,Management - Comptabilité,CDI,Bac+3
86,CDI Comptable Confirmé,"CDI Comptable Confirmé basé à Fès, domaine Management - Comptabilité. Niveau requis: Bac+5. Contrat: CDI. Missions variées dans une entreprise dynamique.",Fès,Management - Comptabilité,CDI,Bac+5
87,CDI Analyste Sécurité,"CDI Analyste Sécurité basé à Marrakech, domaine Informatique - Cybersecurite. Niveau requis: Bac+2. Contrat: CDI. Missions variées dans une entreprise dynamique.",Marrakech,Informatique - Cybersecurite,CDI,Bac+2
88,Stage Dev Web,"Stage Dev Web basé à Rabat, domaine Informatique - Dev Web. Niveau requis: Bac+5. Contrat: Stage. Missions variées dans une entreprise dynamique.",Rabat,Informatique - Dev Web,Stage,Bac+5
89,CDI Ingénieur IA,"CDI Ingénieur IA basé à Tanger, domaine Informatique - IA. Niveau requis: Bac+2. Contrat: CDI. Missions variées dans une entreprise dynamique.",Tanger,Informatique - IA,CDI,Bac+2
90,CDD RH Généraliste,"CDD RH Généraliste basé à Rabat, domaine Management - RH. Niveau requis: Bac+5. Contrat: CDD. Missions variées dans une entreprise dynamique.",Rabat,Management - RH,CDD,Bac+5
91,CDI Chargé Recrutement,"CDI Chargé Recrutement basé à Rabat, domaine Management - RH. Niveau requis: Bac+3. Contrat: CDI. Missions variées dans une entreprise dynamique.",Rabat,Management - RH,CDI,Bac+3
92,CDD Assistant Comptable,"CDD Assistant Comptable basé à Casablanca, domaine Management - Comptabilité. Niveau requis: Bac+3. Contrat: CDD. Missions variées dans une entreprise dynamique.",Casablanca,Management - Comptabilité,CDD,Bac+3
93,CDI Comptable Confirmé,"CDI Comptable Confirmé basé à Fès, domaine Management - Comptabilité. Niveau requis: Bac+5. Contrat: CDI. Missions variées dans une entreprise dynamique.",Fès,Management - Comptabilité,CDI,Bac+5
94,CDD Sécurité Réseau,"CDD Sécurité Réseau basé à Tanger, domaine Informatique - Cybersecurite. Niveau requis: Bac+5. Contrat: CDD. Missions variées dans une entreprise dynamique.",Tanger,Informatique - Cybersecurite,CDD,Bac+5
95,CDI Comptable Confirmé,"CDI Comptable Confirmé basé à Rabat, domaine Management - Comptabilité. Niveau requis: Bac+5. Contrat: CDI. Missions variées dans une entreprise dynamique.",Rabat,Management - Comptabilité,CDI,Bac+5
96,Stage Dev Web,"Stage Dev Web basé à Agadir, domaine Informatique - Dev Web. Niveau requis: Bac+5. Contrat: Stage. Missions variées dans une entreprise dynamique.",Agadir,Informatique - Dev Web,Stage,Bac+5
97,CDD RH Généraliste,"CDD RH Généraliste basé à Tanger, domaine Management - RH. Niveau requis: Bac+2. Contrat: CDD. Missions variées dans une entreprise dynamique.",Tanger,Management - RH,CDD,Bac+2
98,CDI Développeur Fullstack,"CDI Développeur Fullstack basé à Oujda, domaine Informatique - Dev Web. Niveau requis: Bac+2. Contrat: CDI. Missions variées dans une entreprise dynamique.",Oujda,Informatique - Dev Web,CDI,Bac+2
99,CDI Consultant BI,"CDI Consultant BI basé à Oujda, domaine Informatique - BI. Niveau requis: Bac+5. Contrat: CDI. Missions variées dans une entreprise dynamique.",Oujda,Informatique - BI,CDI,Bac+5
100,Stage BI,"Stage BI basé à Rabat, domaine Informatique - BI. Niveau requis: Bac+2. Contrat: Stage. Missions variées dans une entreprise dynamique.",Rabat,Informatique - BI,Stage,Bac+2
101,Stage Pentest,"Stage Pentest basé à Marrakech, domaine Informatique - Cybersecurite. Niveau requis: Bac+5. Contrat: Stage. Missions variées dans une entreprise dynamique.",Marrakech,Informatique - Cybersecurite,Stage,Bac+5
102,Stage Comptabilité,"Stage Comptabilité basé à Casablanca, domaine Management - Comptabilité. Niveau requis: Bac+2. Contrat: Stage. Missions variées dans une entreprise dynamique.",Casablanca,Management - Comptabilité,Stage,Bac+2
103,CDI Ingénieur IA,"CDI Ingénieur IA basé à Oujda, domaine Informatique - IA. Niveau requis: Bac+5. Contrat: CDI. Missions variées dans une entreprise dynamique.",Oujda,Informatique - IA,CDI,Bac+5
104,CDI Responsable SEO,"CDI Responsable SEO basé à Agadir, domaine Management - Marketing. Niveau requis: Bac+5. Contrat: CDI. Missions variées dans une entreprise dynamique.",Agadir,Management - Marketing,CDI,Bac+5
105,CDI Responsable SEO,"CDI Responsable SEO basé à Marrakech, domaine Management - Marketing. Niveau requis: Bac+2. Contrat: CDI. Missions variées dans une entreprise dynamique.",Marrakech,Management - Marketing,CDI,Bac+2
106,Stage RH,"Stage RH basé à Tanger, domaine Management - RH. Niveau requis: Bac+2. Contrat: Stage. Missions variées dans une entreprise dynamique.",Tanger,Management - RH,Stage,Bac+2
107,CDD Frontend,"CDD Frontend basé à Agadir, domaine Informatique - Dev Web. Niveau requis: Bac+2. Contrat: CDD. Missions variées dans une entreprise dynamique.",Agadir,Informatique - Dev Web,CDD,Bac+2
108,Stage RH,"Stage RH basé à Agadir, domaine Management - RH. Niveau requis: Bac+5. Contrat: Stage. Missions variées dans une entreprise dynamique.",Agadir,Management - RH,Stage,Bac+5
109,CDD Community Manager,"CDD Community Manager basé à Agadir, domaine Management - Marketing. Niveau requis: Bac+3. Contrat: CDD. Missions variées dans une entreprise dynamique.",Agadir,Management - Marketing,CDD,Bac+3
110,Stage Dev Web,"Stage Dev Web basé à Casablanca, domaine Informatique - Dev Web. Niveau requis: Bac+2. Contrat: Stage. Missions variées dans une entreprise dynamique.",Casablanca,Informatique - Dev Web,Stage,Bac+2
111,Stage IA,"Stage IA basé à Marrakech, domaine Informatique - IA. Niveau requis: Bac+3. Contrat: Stage. Missions variées dans une entreprise dynamique.",Marrakech,Informatique - IA,Stage,Bac+3
112,CDD Sécurité Réseau,"CDD Sécurité Réseau basé à Agadir, domaine Informatique - Cybersecurite. Niveau requis: Bac+2. Contrat: CDD. Missions variées dans une entreprise dynamique.",Agadir,Informatique - Cybersecurite,CDD,Bac+2
113,CDI Analyste Sécurité,"CDI Analyste Sécurité basé à Agadir, domaine Informatique - Cybersecurite. Niveau requis: Bac+5. Contrat: CDI. Missions variées dans une entreprise dynamique.",Agadir,Informatique - Cybersecurite,CDI,Bac+5
114,CDD Assistant Comptable,"CDD Assistant Comptable basé à Fès, domaine Management - Comptabilité. Niveau requis: Bac+3. Contrat: CDD. Missions variées dans une entreprise dynamique.",Fès,Management - Comptabilité,CDD,Bac+3
115,CDD Assistant Comptable,"CDD Assistant Comptable basé à Marrakech, domaine Management - Comptabilité. Niveau requis: Bac+5. Contrat: CDD. Missions variées dans une entreprise dynamique.",Marrakech,Management - Comptabilité,CDD,Bac+5
116,CDI Analyste Sécurité,"CDI Analyste Sécurité basé à Agadir, domaine Informatique - Cybersecurite. Niveau requis: Bac+5. Contrat: CDI. Missions variées dans une entreprise dynamique.",Agadir,Informatique - Cybersecurite,CDI,Bac+5
117,CDD RH Généraliste,"CDD RH Généraliste basé à Marrakech, domaine Management - RH. Niveau requis: Bac+3. Contrat: CDD. Missions variées dans une entreprise dynamique.",Marrakech,Management - RH,CDD,Bac+3
118,Stage Comptabilité,"Stage Comptabilité basé à Agadir, domaine Management - Comptabilité. Niveau requis: Bac+2. Contrat: Stage. Missions variées dans une entreprise dynamique.",Agadir,Management - Comptabilité,Stage,Bac+2
119,Stage Marketing Digital,"Stage Marketing Digital basé à Tanger, domaine Management - Marketing. Niveau requis: Bac+5. Contrat: Stage. Missions variées dans une entreprise dynamique.",Tanger,Management - Marketing,Stage,Bac+5
120,Stage BI,"Stage BI basé à Tanger, domaine Informatique - BI. Niveau requis: Bac+3. Contrat: Stage. Missions variées dans une entreprise dynamique.",Tanger,Informatique - BI,Stage,Bac+3
121,CDI Développeur Fullstack,"CDI Développeur Fullstack basé à Agadir, domaine Informatique - Dev Web. Niveau requis: Bac+2. Contrat: CDI. Missions variées dans une entreprise dynamique.",Agadir,Informatique - Dev Web,CDI,Bac+2
122,CDD Assistant Comptable,"CDD Assistant Comptable basé à Rabat, domaine Management - Comptabilité. Niveau requis: Bac+5. Contrat: CDD. Missions variées dans une entreprise dynamique.",Rabat,Management - Comptabilité,CDD,Bac+5
123,CDI Responsable SEO,"CDI Responsable SEO basé à Oujda, domaine Management - Marketing. Niveau requis: Bac+2. Contrat: CDI. Missions variées dans une entreprise dynamique.",Oujda,Management - Marketing,CDI,Bac+2
124,CDI Chargé Recrutement,"CDI Chargé Recrutement basé à Marrakech, domaine Management - RH. Niveau requis: Bac+5. Contrat: CDI. Missions variées dans une entreprise dynamique.",Marrakech,Management - RH,CDI,Bac+5
125,Stage IA,"Stage IA basé à Fès, domaine Informatique - IA. Niveau requis: Bac+3. Contrat: Stage. Missions variées dans une entreprise dynamique.",Fès,Informatique - IA,Stage,Bac+3
126,CDI Chargé Recrutement,"CDI Chargé Recrutement basé à Agadir, domaine Management - RH. Niveau requis: Bac+3. Contrat: CDI. Missions variées dans une entreprise dynamique.",Agadir,Management - RH,CDI,Bac+3
127,CDD RH Généraliste,"CDD RH Généraliste basé à Tanger, domaine Management - RH. Niveau requis: Bac+3. Contrat: CDD. Missions variées dans une entreprise dynamique.",Tanger,Management - RH,CDD,Bac+3
128,CDD Analyste Données,"CDD Analyste Données basé à Fès, domaine Informatique - BI. Niveau requis: Bac+5. Contrat: CDD. Missions variées dans une entreprise dynamique.",Fès,Informatique - BI,CDD,Bac+5
129,CDD Community Manager,"CDD Community Manager basé à Fès, domaine Management - Marketing. Niveau requis: Bac+2. Contrat: CDD. Missions variées dans une entreprise dynamique.",Fès,Management - Marketing,CDD,Bac+2
130,Stage IA,"Stage IA basé à Rabat, domaine Informatique - IA. Niveau requis: Bac+3. Contrat: Stage. Missions variées dans une entreprise dynamique.",Rabat,Informatique - IA,Stage,Bac+3
131,CDI Responsable SEO,"CDI Responsable SEO basé à Marrakech, domaine Management - Marketing. Niveau requis: Bac+5. Contrat: CDI. Missions variées dans une entreprise dynamique.",Marrakech,Management - Marketing,CDI,Bac+5
132,CDD Assistant Comptable,"CDD Assistant Comptable basé à Marrakech, domaine Management - Comptabilité. Niveau requis: Bac+3. Contrat: CDD. Missions variées dans une entreprise dynamique.",Marrakech,Management - Comptabilité,CDD,Bac+3
133,CDD Sécurité Réseau,"CDD Sécurité Réseau basé à Rabat, domaine Informatique - Cybersecurite. Niveau requis: Bac+3. Contrat: CDD. Missions variées dans une entreprise dynamique.",Rabat,Informatique - Cybersecurite,CDD,Bac+3
134,CDI Ingénieur IA,"CDI Ingénieur IA basé à Oujda, domaine Informatique - IA. Niveau requis: Bac+2. Contrat: CDI. Missions variées dans une entreprise dynamique.",Oujda,Informatique - IA,CDI,Bac+2
135,CDD Assistant Comptable,"CDD Assistant Comptable basé à Agadir, domaine Management - Comptabilité. Niveau requis: Bac+5. Contrat: CDD. Missions variées dans une entreprise dynamique.",Agadir,Management - Comptabilité,CDD,Bac+5
136,Stage Dev Web,"Stage Dev Web basé à Marrakech, domaine Informatique - Dev Web. Niveau requis: Bac+3. Contrat: Stage. Missions variées dans une entreprise dynamique.",Marrakech,Informatique - Dev Web,Stage,Bac+3
137,CDI Comptable Confirmé,"CDI Comptable Confirmé basé à Marrakech, domaine Management - Comptabilité. Niveau requis: Bac+2. Contrat: CDI. Missions variées dans une entreprise dynamique.",Marrakech,Management - Comptabilité,CDI,Bac+2
138,CDD RH Généraliste,"CDD RH Généraliste basé à Rabat, domaine Management - RH. Niveau requis: Bac+2. Contrat: CDD. Missions variées dans une entreprise dynamique.",Rabat,Management - RH,CDD,Bac+2
139,CDI Consultant BI,"CDI Consultant BI basé à Agadir, domaine Informatique - BI. Niveau requis: Bac+2. Contrat: CDI. Missions variées dans une entreprise dynamique.",Agadir,Informatique - BI,CDI,Bac+2
140,CDD Assistant Comptable,"CDD Assistant Comptable basé à Agadir, domaine Management - Comptabilité. Niveau requis: Bac+3. Contrat: CDD. Missions variées dans une entreprise dynamique.",Agadir,Management - Comptabilité,CDD,Bac+3
141,CDI Comptable Confirmé,"CDI Comptable Confirmé basé à Tanger, domaine Management - Comptabilité. Niveau requis: Bac+2. Contrat: CDI. Missions variées dans une entreprise dynamique.",Tanger,Management - Comptabilité,CDI,Bac+2
142,Stage BI,"Stage BI basé à Agadir, domaine Informatique - BI. Niveau requis: Bac+2. Contrat: Stage. Missions variées dans une entreprise dynamique.",Agadir,Informatique - BI,Stage,Bac+2
143,CDD Assistant Comptable,"CDD Assistant Comptable basé à Agadir, domaine Management - Comptabilité. Niveau requis: Bac+5. Contrat: CDD. Missions variées dans une entreprise dynamique.",Agadir,Management - Comptabilité,CDD,Bac+5
144,CDD Assistant Comptable,"CDD Assistant Comptable basé à Agadir, domaine Management - Comptabilité. Niveau requis: Bac+3. Contrat: CDD. Missions variées dans une entreprise dynamique.",Agadir,Management - Comptabilité,CDD,Bac+3
145,Stage Pentest,"Stage Pentest basé à Marrakech, domaine Informatique - Cybersecurite. Niveau requis: Bac+3. Contrat: Stage. Missions variées dans une entreprise dynamique.",Marrakech,Informatique - Cybersecurite,Stage,Bac+3
146,CDI Analyste Sécurité,"CDI Analyste Sécurité basé à Agadir, domaine Informatique - Cybersecurite. Niveau requis: Bac+3. Contrat: CDI. Missions variées dans une entreprise dynamique.",Agadir,Informatique - Cybersecurite,CDI,Bac+3
147,CDI Chargé Recrutement,"CDI Chargé Recrutement basé à Casablanca, domaine Management - RH. Niveau requis: Bac+2. Contrat: CDI. Missions variées dans une entreprise dynamique.",Casablanca,Management - RH,CDI,Bac+2
148,CDI Ingénieur IA,"CDI Ingénieur IA basé à Fès, domaine Informatique - IA. Niveau requis: Bac+2. Contrat: CDI. Missions variées dans une entreprise dynamique.",Fès,Informatique - IA,CDI,Bac+2
149,Stage Deep Learning,"Stage Deep Learning basé à Agadir, domaine Informatique - IA. Niveau requis: Bac+2. Contrat: Stage. Missions variées dans une entreprise dynamique.",Agadir,Informatique - IA,Stage,Bac+2
150,CDI Ingénieur IA,"CDI Ingénieur IA basé à Agadir, domaine Informatique - IA. Niveau requis: Bac+3. Contrat: CDI. Missions variées dans une entreprise dynamique.",Agadir,Informatique - IA,CDI,Bac+3
151,CDD Sécurité Réseau,"CDD Sécurité Réseau basé à Oujda, domaine Informatique - Cybersecurite. Niveau requis: Bac+5. Contrat: CDD. Missions variées dans une entreprise dynamique.",Oujda,Informatique - Cybersecurite,CDD,Bac+5
152,Stage Pentest,"Stage Pentest basé à Casablanca, domaine Informatique - Cybersecurite. Niveau requis: Bac+2. Contrat: Stage. Missions variées dans une entreprise dynamique.",Casablanca,Informatique - Cybersecurite,Stage,Bac+2
153,CDD Sécurité Réseau,"CDD Sécurité Réseau basé à Marrakech, domaine Informatique - Cybersecurite. Niveau requis: Bac+2. Contrat: CDD. Missions variées dans une entreprise dynamique.",Marrakech,Informatique - Cybersecurite,CDD,Bac+2
154,CDD Assistant Comptable,"CDD Assistant Comptable basé à Oujda, domaine Management - Comptabilité. Niveau requis: Bac+2. Contrat: CDD. Missions variées dans une entreprise dynamique.",Oujda,Management - Comptabilité,CDD,Bac+2
155,CDI Développeur Fullstack,"CDI Développeur Fullstack basé à Rabat, domaine Informatique - Dev Web. Niveau requis: Bac+3. Contrat: CDI. Missions variées dans une entreprise dynamique.",Rabat,Informatique - Dev Web,CDI,Bac+3
156,Stage Marketing Digital,"Stage Marketing Digital basé à Oujda, domaine Management - Marketing. Niveau requis: Bac+5. Contrat: Stage. Missions variées dans une entreprise dynamique.",Oujda,Management - Marketing,Stage,Bac+5
157,CDI Chargé Recrutement,"CDI Chargé Recrutement basé à Fès, domaine Management - RH. Niveau requis: Bac+3. Contrat: CDI. Missions variées dans une entreprise dynamique.",Fès,Management - RH,CDI,Bac+3
158,Stage Deep Learning,"Stage Deep Learning basé à Tanger, domaine Informatique - IA. Niveau requis: Bac+2. Contrat: Stage. Missions variées dans une entreprise dynamique.",Tanger,Informatique - IA,Stage,Bac+2
159,Stage Deep Learning,"Stage Deep Learning basé à Marrakech, domaine Informatique - IA. Niveau requis: Bac+5. Contrat: Stage. Missions variées dans une entreprise dynamique.",Marrakech,Informatique - IA,Stage,Bac+5
160,Stage Deep Learning,"Stage Deep Learning basé à Oujda, domaine Informatique - IA. Niveau requis: Bac+5. Contrat: Stage. Missions variées dans une entreprise dynamique.",Oujda,Informatique - IA,Stage,Bac+5
161,CDD Sécurité Réseau,"CDD Sécurité Réseau basé à Rabat, domaine Informatique - Cybersecurite. Niveau requis: Bac+2. Contrat: CDD. Missions variées dans une entreprise dynamique.",Rabat,Informatique - Cybersecurite,CDD,Bac+2
162,CDI Développeur Fullstack,"CDI Développeur Fullstack basé à Agadir, domaine Informatique - Dev Web. Niveau requis: Bac+3. Contrat: CDI. Missions variées dans une entreprise dynamique.",Agadir,Informatique - Dev Web,CDI,Bac+3
163,Stage Dev Web,"Stage Dev Web basé à Casablanca, domaine Informatique - Dev Web. Niveau requis: Bac+3. Contrat: Stage. Missions variées dans une entreprise dynamique.",Casablanca,Informatique - Dev Web,Stage,Bac+3
164,CDI Comptable Confirmé,"CDI Comptable Confirmé basé à Marrakech, domaine Management - Comptabilité. Niveau requis: Bac+3. Contrat: CDI. Missions variées dans une entreprise dynamique.",Marrakech,Management - Comptabilité,CDI,Bac+3
165,CDI Analyste Sécurité,"CDI Analyste Sécurité basé à Rabat, domaine Informatique - Cybersecurite. Niveau requis: Bac+3. Contrat: CDI. Missions variées dans une entreprise dynamique.",Rabat,Informatique - Cybersecurite,CDI,Bac+3
166,CDI Chargé Recrutement,"CDI Chargé Recrutement basé à Oujda, domaine Management - RH. Niveau requis: Bac+5. Contrat: CDI. Missions variées dans une entreprise dynamique.",Oujda,Management - RH,CDI,Bac+5
167,Stage Deep Learning,"Stage Deep Learning basé à Tanger, domaine Informatique - IA. Niveau requis: Bac+3. Contrat: Stage. Missions variées dans une entreprise dynamique.",Tanger,Informatique - IA,Stage,Bac+3
168,CDI Développeur Fullstack,"CDI Développeur Fullstack basé à Oujda, domaine Informatique - Dev Web. Niveau requis: Bac+5. Contrat: CDI. Missions variées dans une entreprise dynamique.",Oujda,Informatique - Dev Web,CDI,Bac+5
169,CDI Développeur Fullstack,"CDI Développeur Fullstack basé à Casablanca, domaine Informatique - Dev Web. Niveau requis: Bac+2. Contrat: CDI. Missions variées dans une entreprise dynamique.",Casablanca,Informatique - Dev Web,CDI,Bac+2
170,CDI Développeur Fullstack,"CDI Développeur Fullstack basé à Fès, domaine Informatique - Dev Web. Niveau requis: Bac+3. Contrat: CDI. Missions variées dans une entreprise dynamique.",Fès,Informatique - Dev Web,CDI,Bac+3
171,Stage IA,"Stage IA basé à Fès, domaine Informatique - IA. Niveau requis: Bac+5. Contrat: Stage. Missions variées dans une entreprise dynamique.",Fès,Informatique - IA,Stage,Bac+5
172,Stage Comptabilité,"Stage Comptabilité basé à Agadir, domaine Management - Comptabilité. Niveau requis: Bac+2. Contrat: Stage. Missions variées dans une entreprise dynamique.",Agadir,Management - Comptabilité,Stage,Bac+2
173,Stage Comptabilité,"Stage Comptabilité basé à Marrakech, domaine Management - Comptabilité. Niveau requis: Bac+3. Contrat: Stage. Missions variées dans une entreprise dynamique.",Marrakech,Management - Comptabilité,Stage,Bac+3
174,CDI Développeur Fullstack,"CDI Développeur Fullstack basé à Rabat, domaine Informatique - Dev Web. Niveau requis: Bac+2. Contrat: CDI. Missions variées dans une entreprise dynamique.",Rabat,Informatique - Dev Web,CDI,Bac+2
175,CDD RH Généraliste,"CDD RH Généraliste basé à Marrakech, domaine Management - RH. Niveau requis: Bac+3. Contrat: CDD. Missions variées dans une entreprise dynamique.",Marrakech,Management - RH,CDD,Bac+3
176,Stage BI,"Stage BI basé à Marrakech, domaine Informatique - BI. Niveau requis: Bac+2. Contrat: Stage. Missions variées dans une entreprise dynamique.",Marrakech,Informatique - BI,Stage,Bac+2
177,CDD Community Manager,"CDD Community Manager basé à Tanger, domaine Management - Marketing. Niveau requis: Bac+3. Contrat: CDD. Missions variées dans une entreprise dynamique.",Tanger,Management - Marketing,CDD,Bac+3
178,CDD Assistant Comptable,"CDD Assistant Comptable basé à Marrakech, domaine Management - Comptabilité. Niveau requis: Bac+2. Contrat: CDD. Missions variées dans une entreprise dynamique.",Marrakech,Management - Comptabilité,CDD,Bac+2
179,Stage BI,"Stage BI basé à Agadir, domaine Informatique - BI. Niveau requis: Bac+3. Contrat: Stage. Missions variées dans une entreprise dynamique.",Agadir,Informatique - BI,Stage,Bac+3
180,CDD Assistant Comptable,"CDD Assistant Comptable basé à Fès, domaine Management - Comptabilité. Niveau requis: Bac+3. Contrat: CDD. Missions variées dans une entreprise dynamique.",Fès,Management - Comptabilité,CDD,Bac+3
181,CDI Responsable SEO,"CDI Responsable SEO basé à Casablanca, domaine Management - Marketing. Niveau requis: Bac+3. Contrat: CDI. Missions variées dans une entreprise dynamique.",Casablanca,Management - Marketing,CDI,Bac+3
182,CDD Community Manager,"CDD Community Manager basé à Tanger, domaine Management - Marketing. Niveau requis: Bac+3. Contrat: CDD. Missions variées dans une entreprise dynamique.",Tanger,Management - Marketing,CDD,Bac+3
183,Stage Deep Learning,"Stage Deep Learning basé à Rabat, domaine Informatique - IA. Niveau requis: Bac+2. Contrat: Stage. Missions variées dans une entreprise dynamique.",Rabat,Informatique - IA,Stage,Bac+2
184,CDI Comptable Confirmé,"CDI Comptable Confirmé basé à Fès, domaine Management - Comptabilité. Niveau requis: Bac+5. Contrat: CDI. Missions variées dans une entreprise dynamique.",Fès,Management - Comptabilité,CDI,Bac+5
185,CDI Chargé Recrutement,"CDI Chargé Recrutement basé à Tanger, domaine Management - RH. Niveau requis: Bac+5. Contrat: CDI. Missions variées dans une entreprise dynamique.",Tanger,Management - RH,CDI,Bac+5
186,CDD Analyste Données,"CDD Analyste Données basé à Casablanca, domaine Informatique - BI. Niveau requis: Bac+5. Contrat: CDD. Missions variées dans une entreprise dynamique.",Casablanca,Informatique - BI,CDD,Bac+5
187,Stage Pentest,"Stage Pentest basé à Fès, domaine Informatique - Cybersecurite. Niveau requis: Bac+3. Contrat: Stage. Missions variées dans une entreprise dynamique.",Fès,Informatique - Cybersecurite,Stage,Bac+3
188,Stage Dev Web,"Stage Dev Web basé à Tanger, domaine Informatique - Dev Web. Niveau requis: Bac+5. Contrat: Stage. Missions variées dans une entreprise dynamique.",Tanger,Informatique - Dev Web,Stage,Bac+5
189,Stage BI,"Stage BI basé à Agadir, domaine Informatique - BI. Niveau requis: Bac+5. Contrat: Stage. Missions variées dans une entreprise dynamique.",Agadir,Informatique - BI,Stage,Bac+5
190,CDI Consultant BI,"CDI Consultant BI basé à Agadir, domaine Informatique - BI. Niveau requis: Bac+2. Contrat: CDI. Missions variées dans une entreprise dynamique.",Agadir,Informatique - BI,CDI,Bac+2
191,CDI Comptable Confirmé,"CDI Comptable Confirmé basé à Agadir, domaine Management - Comptabilité. Niveau requis: Bac+2. Contrat: CDI. Missions variées dans une entreprise dynamique.",Agadir,Management - Comptabilité,CDI,Bac+2
192,CDD Frontend,"CDD Frontend basé à Fès, domaine Informatique - Dev Web. Niveau requis: Bac+5. Contrat: CDD. Missions variées dans une entreprise dynamique.",Fès,Informatique - Dev Web,CDD,Bac+5
193,Stage Deep Learning,"Stage Deep Learning basé à Tanger, domaine Informatique - IA. Niveau requis: Bac+5. Contrat: Stage. Missions variées dans une entreprise dynamique.",Tanger,Informatique - IA,Stage,Bac+5
194,Stage Pentest,"Stage Pentest basé à Fès, domaine Informatique - Cybersecurite. Niveau requis: Bac+2. Contrat: Stage. Missions variées dans une entreprise dynamique.",Fès,Informatique - Cybersecurite,Stage,Bac+2
195,Stage RH,"Stage RH basé à Casablanca, domaine Management - RH. Niveau requis: Bac+5. Contrat: Stage. Missions variées dans une entreprise dynamique.",Casablanca,Management - RH,Stage,Bac+5
196,CDI Chargé Recrutement,"CDI Chargé Recrutement basé à Oujda, domaine Management - RH. Niveau requis: Bac+3. Contrat: CDI. Missions variées dans une entreprise dynamique.",Oujda,Management - RH,CDI,Bac+3
197,Stage Pentest,"Stage Pentest basé à Rabat, domaine Informatique - Cybersecurite. Niveau requis: Bac+5. Contrat: Stage. Missions variées dans une entreprise dynamique.",Rabat,Informatique - Cybersecurite,Stage,Bac+5
198,CDI Développeur Fullstack,"CDI Développeur Fullstack basé à Marrakech, domaine Informatique - Dev Web. Niveau requis: Bac+2. Contrat: CDI. Missions variées dans une entreprise dynamique.",Marrakech,Informatique - Dev Web,CDI,Bac+2
199,Stage Marketing Digital,"Stage Marketing Digital basé à Marrakech, domaine Management - Marketing. Niveau requis: Bac+5. Contrat: Stage. Missions variées dans une entreprise dynamique.",Marrakech,Management - Marketing,Stage,Bac+5
200,Stage BI,"Stage BI basé à Agadir, domaine Informatique - BI. Niveau requis: Bac+5. Contrat: Stage. Missions variées dans une entreprise dynamique.",Agadir,Informatique - BI,Stage,Bac+5
201,Stage Pentest,"Stage Pentest basé à Marrakech, domaine Informatique - Cybersecurite. Niveau requis: Bac+5. Contrat: Stage. Missions variées dans une entreprise dynamique.",Marrakech,Informatique - Cybersecurite,Stage,Bac+5
202,Stage BI,"Stage BI basé à Agadir, domaine Informatique - BI. Niveau requis: Bac+3. Contrat: Stage. Missions variées dans une entreprise dynamique.",Agadir,Informatique - BI,Stage,Bac+3
203,CDD Assistant Comptable,"CDD Assistant Comptable basé à Fès, domaine Management - Comptabilité. Niveau requis: Bac+5. Contrat: CDD. Missions variées dans une entreprise dynamique.",Fès,Management - Comptabilité,CDD,Bac+5
204,CDI Développeur Fullstack,"CDI Développeur Fullstack basé à Marrakech, domaine Informatique - Dev Web. Niveau requis: Bac+3. Contrat: CDI. Missions variées dans une entreprise dynamique.",Marrakech,Informatique - Dev Web,CDI,Bac+3
205,CDD Frontend,"CDD Frontend basé à Tanger, domaine Informatique - Dev Web. Niveau requis: Bac+2. Contrat: CDD. Missions variées dans une entreprise dynamique.",Tanger,Informatique - Dev Web,CDD,Bac+2
206,CDI Responsable SEO,"CDI Responsable SEO basé à Rabat, domaine Management - Marketing. Niveau requis: Bac+5. Contrat: CDI. Missions variées dans une entreprise dynamique.",Rabat,Management - Marketing,CDI,Bac+5
207,Stage Comptabilité,"Stage Comptabilité basé à Casablanca, domaine Management - Comptabilité. Niveau requis: Bac+5. Contrat: Stage. Missions variées dans une entreprise dynamique.",Casablanca,Management - Comptabilité,Stage,Bac+5
208,CDI Consultant BI,"CDI Consultant BI basé à Marrakech, domaine Informatique - BI. Niveau requis: Bac+2. Contrat: CDI. Missions variées dans une entreprise dynamique.",Marrakech,Informatique - BI,CDI,Bac+2
209,Stage Pentest,"Stage Pentest basé à Oujda, domaine Informatique - Cybersecurite. Niveau requis: Bac+2. Contrat: Stage. Missions variées dans une entreprise dynamique.",Oujda,Informatique - Cybersecurite,Stage,Bac+2
210,Stage Marketing Digital,"Stage Marketing Digital basé à Tanger, domaine Management - Marketing. Niveau requis: Bac+3. Contrat: Stage. Missions variées dans une entreprise dynamique.",Tanger,Management - Marketing,Stage,Bac+3
211,CDD Analyste Données,"CDD Analyste Données basé à Rabat, domaine Informatique - BI. Niveau requis: Bac+2. Contrat: CDD. Missions variées dans une entreprise dynamique.",Rabat,Informatique - BI,CDD,Bac+2
212,CDD Sécurité Réseau,"CDD Sécurité Réseau basé à Marrakech, domaine Informatique - Cybersecurite. Niveau requis: Bac+5. Contrat: CDD. Missions variées dans une entreprise dynamique.",Marrakech,Informatique - Cybersecurite,CDD,Bac+5
213,Stage BI,"Stage BI basé à Casablanca, domaine Informatique - BI. Niveau requis: Bac+5. Contrat: Stage. Missions variées dans une entreprise dynamique.",Casablanca,Informatique - BI,Stage,Bac+5
214,Stage IA,"Stage IA basé à Oujda, domaine Informatique - IA. Niveau requis: Bac+3. Contrat: Stage. Missions variées dans une entreprise dynamique.",Oujda,Informatique - IA,Stage,Bac+3
215,Stage Deep Learning,"Stage Deep Learning basé à Fès, domaine Informatique - IA. Niveau requis: Bac+5. Contrat: Stage. Missions variées dans une entreprise dynamique.",Fès,Informatique - IA,Stage,Bac+5
216,Stage Deep Learning,"Stage Deep Learning basé à Fès, domaine Informatique - IA. Niveau requis: Bac+2. Contrat: Stage. Missions variées dans une entreprise dynamique.",Fès,Informatique - IA,Stage,Bac+2
217,CDI Analyste Sécurité,"CDI Analyste Sécurité basé à Oujda, domaine Informatique - Cybersecurite. Niveau requis: Bac+5. Contrat: CDI. Missions variées dans une entreprise dynamique.",Oujda,Informatique - Cybersecurite,CDI,Bac+5
218,Stage IA,"Stage IA basé à Rabat, domaine Informatique - IA. Niveau requis: Bac+5. Contrat: Stage. Missions variées dans une entreprise dynamique.",Rabat,Informatique - IA,Stage,Bac+5
219,CDI Consultant BI,"CDI Consultant BI basé à Tanger, domaine Informatique - BI. Niveau requis: Bac+5. Contrat: CDI. Missions variées dans une entreprise dynamique.",Tanger,Informatique - BI,CDI,Bac+5
220,CDD Frontend,"CDD Frontend basé à Agadir, domaine Informatique - Dev Web. Niveau requis: Bac+2. Contrat: CDD. Missions variées dans une entreprise dynamique.",Agadir,Informatique - Dev Web,CDD,Bac+2
221,CDD Frontend,"CDD Frontend basé à Marrakech, domaine Informatique - Dev Web. Niveau requis: Bac+2. Contrat: CDD. Missions variées dans une entreprise dynamique.",Marrakech,Informatique - Dev Web,CDD,Bac+2
222,CDI Développeur Fullstack,"CDI Développeur Fullstack basé à Rabat, domaine Informatique - Dev Web. Niveau requis: Bac+2. Contrat: CDI. Missions variées dans une entreprise dynamique.",Rabat,Informatique - Dev Web,CDI,Bac+2
223,CDI Chargé Recrutement,"CDI Chargé Recrutement basé à Fès, domaine Management - RH. Niveau requis: Bac+2. Contrat: CDI. Missions variées dans une entreprise dynamique.",Fès,Management - RH,CDI,Bac+2
224,Stage Marketing Digital,"Stage Marketing Digital basé à Rabat, domaine Management - Marketing. Niveau requis: Bac+3. Contrat: Stage. Missions variées dans une entreprise dynamique.",Rabat,Management - Marketing,Stage,Bac+3
225,Stage Deep Learning,"Stage Deep Learning basé à Agadir, domaine Informatique - IA. Niveau requis: Bac+3. Contrat: Stage. Missions variées dans une entreprise dynamique.",Agadir,Informatique - IA,Stage,Bac+3
226,CDI Chargé Recrutement,"CDI Chargé Recrutement basé à Oujda, domaine Management - RH. Niveau requis: Bac+2. Contrat: CDI. Missions variées dans une entreprise dynamique.",Oujda,Management - RH,CDI,Bac+2
227,CDI Responsable SEO,"CDI Responsable SEO basé à Marrakech, domaine Management - Marketing. Niveau requis: Bac+5. Contrat: CDI. Missions variées dans une entreprise dynamique.",Marrakech,Management - Marketing,CDI,Bac+5
228,CDD RH Généraliste,"CDD RH Généraliste basé à Rabat, domaine Management - RH. Niveau requis: Bac+5. Contrat: CDD. Missions variées dans une entreprise dynamique.",Rabat,Management - RH,CDD,Bac+5
229,Stage RH,"Stage RH basé à Rabat, domaine Management - RH. Niveau requis: Bac+2. Contrat: Stage. Missions variées dans une entreprise dynamique.",Rabat,Management - RH,Stage,Bac+2
230,Stage Comptabilité,"Stage Comptabilité basé à Oujda, domaine Management - Comptabilité. Niveau requis: Bac+3. Contrat: Stage. Missions variées dans une entreprise dynamique.",Oujda,Management - Comptabilité,Stage,Bac+3
231,Stage BI,"Stage BI basé à Oujda, domaine Informatique - BI. Niveau requis: Bac+5. Contrat: Stage. Missions variées dans une entreprise dynamique.",Oujda,Informatique - BI,Stage,Bac+5
232,CDI Développeur Fullstack,"CDI Développeur Fullstack basé à Oujda, domaine Informatique - Dev Web. Niveau requis: Bac+2. Contrat: CDI. Missions variées dans une entreprise dynamique.",Oujda,Informatique - Dev Web,CDI,Bac+2
233,Stage Dev Web,"Stage Dev Web basé à Agadir, domaine Informatique - Dev Web. Niveau requis: Bac+5. Contrat: Stage. Missions variées dans une entreprise dynamique.",Agadir,Informatique - Dev Web,Stage,Bac+5
234,Stage Pentest,"Stage Pentest basé à Rabat, domaine Informatique - Cybersecurite. Niveau requis: Bac+2. Contrat: Stage. Missions variées dans une entreprise dynamique.",Rabat,Informatique - Cybersecurite,Stage,Bac+2
235,CDD Frontend,"CDD Frontend basé à Fès, domaine Informatique - Dev Web. Niveau requis: Bac+2. Contrat: CDD. Missions variées dans une entreprise dynamique.",Fès,Informatique - Dev Web,CDD,Bac+2
236,CDI Développeur Fullstack,"CDI Développeur Fullstack basé à Fès, domaine Informatique - Dev Web. Niveau requis: Bac+2. Contrat: CDI. Missions variées dans une entreprise dynamique.",Fès,Informatique - Dev Web,CDI,Bac+2
237,CDI Responsable SEO,"CDI Responsable SEO basé à Agadir, domaine Management - Marketing. Niveau requis: Bac+2. Contrat: CDI. Missions variées dans une entreprise dynamique.",Agadir,Management - Marketing,CDI,Bac+2
238,Stage Pentest,"Stage Pentest basé à Casablanca, domaine Informatique - Cybersecurite. Niveau requis: Bac+2. Contrat: Stage. Missions variées dans une entreprise dynamique.",Casablanca,Informatique - Cybersecurite,Stage,Bac+2
239,CDD Analyste Données,"CDD Analyste Données basé à Tanger, domaine Informatique - BI. Niveau requis: Bac+5. Contrat: CDD. Missions variées dans une entreprise dynamique.",Tanger,Informatique - BI,CDD,Bac+5
240,CDD Assistant Comptable,"CDD Assistant Comptable basé à Agadir, domaine Management - Comptabilité. Niveau requis: Bac+3. Contrat: CDD. Missions variées dans une entreprise dynamique.",Agadir,Management - Comptabilité,CDD,Bac+3
241,Stage Dev Web,"Stage Dev Web basé à Tanger, domaine Informatique - Dev Web. Niveau requis: Bac+2. Contrat: Stage. Missions variées dans une entreprise dynamique.",Tanger,Informatique - Dev Web,Stage,Bac+2
242,Stage Deep Learning,"Stage Deep Learning basé à Tanger, domaine Informatique - IA. Niveau requis: Bac+2. Contrat: Stage. Missions variées dans une entreprise dynamique.",Tanger,Informatique - IA,Stage,Bac+2
243,CDD RH Généraliste,"CDD RH Généraliste basé à Tanger, domaine Management - RH. Niveau requis: Bac+5. Contrat: CDD. Missions variées dans une entreprise dynamique.",Tanger,Management - RH,CDD,Bac+5
244,CDD Sécurité Réseau,"CDD Sécurité Réseau basé à Agadir, domaine Informatique - Cybersecurite. Niveau requis: Bac+5. Contrat: CDD. Missions variées dans une entreprise dynamique.",Agadir,Informatique - Cybersecurite,CDD,Bac+5
245,Stage BI,"Stage BI basé à Rabat, domaine Informatique - BI. Niveau requis: Bac+5. Contrat: Stage. Missions variées dans une entreprise dynamique.",Rabat,Informatique - BI,Stage,Bac+5
246,CDI Développeur Fullstack,"CDI Développeur Fullstack basé à Oujda, domaine Informatique - Dev Web. Niveau requis: Bac+3. Contrat: CDI. Missions variées dans une entreprise dynamique.",Oujda,Informatique - Dev Web,CDI,Bac+3
247,CDI Ingénieur IA,"CDI Ingénieur IA basé à Casablanca, domaine Informatique - IA. Niveau requis: Bac+3. Contrat: CDI. Missions variées dans une entreprise dynamique.",Casablanca,Informatique - IA,CDI,Bac+3
248,CDI Consultant BI,"CDI Consultant BI basé à Tanger, domaine Informatique - BI. Niveau requis: Bac+5. Contrat: CDI. Missions variées dans une entreprise dynamique.",Tanger,Informatique - BI,CDI,Bac+5
249,CDI Comptable Confirmé,"CDI Comptable Confirmé basé à Oujda, domaine Management - Comptabilité. Niveau requis: Bac+2. Contrat: CDI. Missions variées dans une entreprise dynamique.",Oujda,Management - Comptabilité,CDI,Bac+2
250,CDD Frontend,"CDD Frontend basé à Rabat, domaine Informatique - Dev Web. Niveau requis: Bac+2. Contrat: CDD. Missions variées dans une entreprise dynamique.",Rabat,Informatique - Dev Web,CDD,Bac+2
251,CDD Community Manager,"CDD Community Manager basé à Rabat, domaine Management - Marketing. Niveau requis: Bac+2. Contrat: CDD. Missions variées dans une entreprise dynamique.",Rabat,Management - Marketing,CDD,Bac+2
252,CDD Assistant Comptable,"CDD Assistant Comptable basé à Tanger, domaine Management - Comptabilité. Niveau requis: Bac+2. Contrat: CDD. Missions variées dans une entreprise dynamique.",Tanger,Management - Comptabilité,CDD,Bac+2
253,Stage Pentest,"Stage Pentest basé à Casablanca, domaine Informatique - Cybersecurite. Niveau requis: Bac+2. Contrat: Stage. Missions variées dans une entreprise dynamique.",Casablanca,Informatique - Cybersecurite,Stage,Bac+2
254,CDI Développeur Fullstack,"CDI Développeur Fullstack basé à Marrakech, domaine Informatique - Dev Web. Niveau requis: Bac+2. Contrat: CDI. Missions variées dans une entreprise dynamique.",Marrakech,Informatique - Dev Web,CDI,Bac+2
255,CDI Comptable Confirmé,"CDI Comptable Confirmé basé à Rabat, domaine Management - Comptabilité. Niveau requis: Bac+2. Contrat: CDI. Missions variées dans une entreprise dynamique.",Rabat,Management - Comptabilité,CDI,Bac+2
256,Stage Deep Learning,"Stage Deep Learning basé à Casablanca, domaine Informatique - IA. Niveau requis: Bac+2. Contrat: Stage. Missions variées dans une entreprise dynamique.",Casablanca,Informatique - IA,Stage,Bac+2
257,Stage BI,"Stage BI basé à Tanger, domaine Informatique - BI. Niveau requis: Bac+2. Contrat: Stage. Missions variées dans une entreprise dynamique.",Tanger,Informatique - BI,Stage,Bac+2
258,Stage BI,"Stage BI basé à Casablanca, domaine Informatique - BI. Niveau requis: Bac+2. Contrat: Stage. Missions variées dans une entreprise dynamique.",Casablanca,Informatique - BI,Stage,Bac+2
259,CDI Consultant BI,"CDI Consultant BI basé à Agadir, domaine Informatique - BI. Niveau requis: Bac+5. Contrat: CDI. Missions variées dans une entreprise dynamique.",Agadir,Informatique - BI,CDI,Bac+5
260,CDD Frontend,"CDD Frontend basé à Tanger, domaine Informatique - Dev Web. Niveau requis: Bac+5. Contrat: CDD. Missions variées dans une entreprise dynamique.",Tanger,Informatique - Dev Web,CDD,Bac+5
261,CDD RH Généraliste,"CDD RH Généraliste basé à Rabat, domaine Management - RH. Niveau requis: Bac+2. Contrat: CDD. Missions variées dans une entreprise dynamique.",Rabat,Management - RH,CDD,Bac+2
262,Stage Dev Web,"Stage Dev Web basé à Oujda, domaine Informatique - Dev Web. Niveau requis: Bac+5. Contrat: Stage. Missions variées dans une entreprise dynamique.",Oujda,Informatique - Dev Web,Stage,Bac+5
263,CDI Consultant BI,"CDI Consultant BI basé à Rabat, domaine Informatique - BI. Niveau requis: Bac+5. Contrat: CDI. Missions variées dans une entreprise dynamique.",Rabat,Informatique - BI,CDI,Bac+5
264,CDD RH Généraliste,"CDD RH Généraliste basé à Oujda, domaine Management - RH. Niveau requis: Bac+3. Contrat: CDD. Missions variées dans une entreprise dynamique.",Oujda,Management - RH,CDD,Bac+3
265,Stage Marketing Digital,"Stage Marketing Digital basé à Fès, domaine Management - Marketing. Niveau requis: Bac+2. Contrat: Stage. Missions variées dans une entreprise dynamique.",Fès,Management - Marketing,Stage,Bac+2
266,CDI Responsable SEO,"CDI Responsable SEO basé à Oujda, domaine Management - Marketing. Niveau requis: Bac+3. Contrat: CDI. Missions variées dans une entreprise dynamique.",Oujda,Management - Marketing,CDI,Bac+3
267,CDD Frontend,"CDD Frontend basé à Fès, domaine Informatique - Dev Web. Niveau requis: Bac+3. Contrat: CDD. Missions variées dans une entreprise dynamique.",Fès,Informatique - Dev Web,CDD,Bac+3
268,CDI Ingénieur IA,"CDI Ingénieur IA basé à Marrakech, domaine Informatique - IA. Niveau requis: Bac+3. Contrat: CDI. Missions variées dans une entreprise dynamique.",Marrakech,Informatique - IA,CDI,Bac+3
269,CDI Analyste Sécurité,"CDI Analyste Sécurité basé à Rabat, domaine Informatique - Cybersecurite. Niveau requis: Bac+2. Contrat: CDI. Missions variées dans une entreprise dynamique.",Rabat,Informatique - Cybersecurite,CDI,Bac+2
270,CDD Frontend,"CDD Frontend basé à Tanger, domaine Informatique - Dev Web. Niveau requis: Bac+2. Contrat: CDD. Missions variées dans une entreprise dynamique.",Tanger,Informatique - Dev Web,CDD,Bac+2
271,Stage RH,"Stage RH basé à Marrakech, domaine Management - RH. Niveau requis: Bac+2. Contrat: Stage. Missions variées dans une entreprise dynamique.",Marrakech,Management - RH,Stage,Bac+2
272,Stage IA,"Stage IA basé à Fès, domaine Informatique - IA. Niveau requis: Bac+3. Contrat: Stage. Missions variées dans une entreprise dynamique.",Fès,Informatique - IA,Stage,Bac+3
273,CDI Consultant BI,"CDI Consultant BI basé à Oujda, domaine Informatique - BI. Niveau requis: Bac+3. Contrat: CDI. Missions variées dans une entreprise dynamique.",Oujda,Informatique - BI,CDI,Bac+3
274,CDI Responsable SEO,"CDI Responsable SEO basé à Fès, domaine Management - Marketing. Niveau requis: Bac+3. Contrat: CDI. Missions variées dans une entreprise dynamique.",Fès,Management - Marketing,CDI,Bac+3
275,CDD RH Généraliste,"CDD RH Généraliste basé à Fès, domaine Management - RH. Niveau requis: Bac+2. Contrat: CDD. Missions variées dans une entreprise dynamique.",Fès,Management - RH,CDD,Bac+2
276,CDD Sécurité Réseau,"CDD Sécurité Réseau basé à Oujda, domaine Informatique - Cybersecurite. Niveau requis: Bac+3. Contrat: CDD. Missions variées dans une entreprise dynamique.",Oujda,Informatique - Cybersecurite,CDD,Bac+3
277,Stage Dev Web,"Stage Dev Web basé à Agadir, domaine Informatique - Dev Web. Niveau requis: Bac+2. Contrat: Stage. Missions variées dans une entreprise dynamique.",Agadir,Informatique - Dev Web,Stage,Bac+2
278,Stage BI,"Stage BI basé à Agadir, domaine Informatique - BI. Niveau requis: Bac+3. Contrat: Stage. Missions variées dans une entreprise dynamique.",Agadir,Informatique - BI,Stage,Bac+3
279,CDI Analyste Sécurité,"CDI Analyste Sécurité basé à Fès, domaine Informatique - Cybersecurite. Niveau requis: Bac+3. Contrat: CDI. Missions variées dans une entreprise dynamique.",Fès,Informatique - Cybersecurite,CDI,Bac+3
280,Stage Marketing Digital,"Stage Marketing Digital basé à Agadir, domaine Management - Marketing. Niveau requis: Bac+2. Contrat: Stage. Missions variées dans une entreprise dynamique.",Agadir,Management - Marketing,Stage,Bac+2
281,Stage Dev Web,"Stage Dev Web basé à Agadir, domaine Informatique - Dev Web. Niveau requis: Bac+2. Contrat: Stage. Missions variées dans une entreprise dynamique.",Agadir,Informatique - Dev Web,Stage,Bac+2
282,Stage Dev Web,"Stage Dev Web basé à Agadir, domaine Informatique - Dev Web. Niveau requis: Bac+3. Contrat: Stage. Missions variées dans une entreprise dynamique.",Agadir,Informatique - Dev Web,Stage,Bac+3
283,CDI Chargé Recrutement,"CDI Chargé Recrutement basé à Fès, domaine Management - RH. Niveau requis: Bac+5. Contrat: CDI. Missions variées dans une entreprise dynamique.",Fès,Management - RH,CDI,Bac+5
284,CDI Chargé Recrutement,"CDI Chargé Recrutement basé à Fès, domaine Management - RH. Niveau requis: Bac+5. Contrat: CDI. Missions variées dans une entreprise dynamique.",Fès,Management - RH,CDI,Bac+5
285,Stage Comptabilité,"Stage Comptabilité basé à Agadir, domaine Management - Comptabilité. Niveau requis: Bac+3. Contrat: Stage. Missions variées dans une entreprise dynamique.",Agadir,Management - Comptabilité,Stage,Bac+3
286,CDI Ingénieur IA,"CDI Ingénieur IA basé à Casablanca, domaine Informatique - IA. Niveau requis: Bac+5. Contrat: CDI. Missions variées dans une entreprise dynamique.",Casablanca,Informatique - IA,CDI,Bac+5
287,Stage Comptabilité,"Stage Comptabilité basé à Casablanca, domaine Management - Comptabilité. Niveau requis: Bac+5. Contrat: Stage. Missions variées dans une entreprise dynamique.",Casablanca,Management - Comptabilité,Stage,Bac+5
288,Stage Comptabilité,"Stage Comptabilité basé à Agadir, domaine Management - Comptabilité. Niveau requis: Bac+5. Contrat: Stage. Missions variées dans une entreprise dynamique.",Agadir,Management - Comptabilité,Stage,Bac+5
289,CDD Analyste Données,"CDD Analyste Données basé à Rabat, domaine Informatique - BI. Niveau requis: Bac+3. Contrat: CDD. Missions variées dans une entreprise dynamique.",Rabat,Informatique - BI,CDD,Bac+3
290,Stage Comptabilité,"Stage Comptabilité basé à Fès, domaine Management - Comptabilité. Niveau requis: Bac+2. Contrat: Stage. Missions variées dans une entreprise dynamique.",Fès,Management - Comptabilité,Stage,Bac+2
291,CDI Chargé Recrutement,"CDI Chargé Recrutement basé à Rabat, domaine Management - RH. Niveau requis: Bac+3. Contrat: CDI. Missions variées dans une entreprise dynamique.",Rabat,Management - RH,CDI,Bac+3
292,Stage IA,"Stage IA basé à Marrakech, domaine Informatique - IA. Niveau requis: Bac+2. Contrat: Stage. Missions variées dans une entreprise dynamique.",Marrakech,Informatique - IA,Stage,Bac+2
293,Stage Marketing Digital,"Stage Marketing Digital basé à Agadir, domaine Management - Marketing. Niveau requis: Bac+2. Contrat: Stage. Missions variées dans une entreprise dynamique.",Agadir,Management - Marketing,Stage,Bac+2
294,CDD Frontend,"CDD Frontend basé à Casablanca, domaine Informatique - Dev Web. Niveau requis: Bac+3. Contrat: CDD. Missions variées dans une entreprise dynamique.",Casablanca,Informatique - Dev Web,CDD,Bac+3
295,Stage IA,"Stage IA basé à Agadir, domaine Informatique - IA. Niveau requis: Bac+5. Contrat: Stage. Missions variées dans une entreprise dynamique.",Agadir,Informatique - IA,Stage,Bac+5
296,CDI Ingénieur IA,"CDI Ingénieur IA basé à Rabat, domaine Informatique - IA. Niveau requis: Bac+2. Contrat: CDI. Missions variées dans une entreprise dynamique.",Rabat,Informatique - IA,CDI,Bac+2
297,CDD Sécurité Réseau,"CDD Sécurité Réseau basé à Tanger, domaine Informatique - Cybersecurite. Niveau requis: Bac+5. Contrat: CDD. Missions variées dans une entreprise dynamique.",Tanger,Informatique - Cybersecurite,CDD,Bac+5
298,CDI Développeur Fullstack,"CDI Développeur Fullstack basé à Tanger, domaine Informatique - Dev Web. Niveau requis: Bac+3. Contrat: CDI. Missions variées dans une entreprise dynamique.",Tanger,Informatique - Dev Web,CDI,Bac+3
299,Stage RH,"Stage RH basé à Casablanca, domaine Management - RH. Niveau requis: Bac+2. Contrat: Stage. Missions variées dans une entreprise dynamique.",Casablanca,Management - RH,Stage,Bac+2
300,CDI Comptable Confirmé,"CDI Comptable Confirmé basé à Tanger, domaine Management - Comptabilité. Niveau requis: Bac+2. Contrat: CDI. Missions variées dans une entreprise dynamique.",Tanger,Management - Comptabilité,CDI,Bac+2
